{
  "crs": "EPSG:3946",
  "west": 1837860.980127206,
  "east": 1851647,
  "south": 5169347.4265999,
  "north": 5180575
}
